{
    "format_version": "1.8.0",
    "render_controllers": {
        "controller.render.armor": {
            "geometry": "Geometry.default",
            "materials": [
                {
                    "*": "variable.is_enchanted ? Material.enchanted : Material.default"
                }
            ],
            "textures": [
                "Texture.default",
                "Texture.enchanted"
            ],
            "is_hurt_color": {
                "r": "0.1",
                "g": "0.6",
                "b": "1.0",
                "a": "0.5"
            },
            "on_fire_color": {
                "r": "0.1",
                "g": "0.6",
                "b": "1.0",
                "a": "0.5"
            }
        }
    }
}