{
    "format_version": "1.8.0",
    "render_controllers": {
        "controller.render.bee": {
            "arrays": {
                "textures": {
                    "array.skins": [
                        "texture.default",
                        "texture.nectar",
                        "texture.angry",
                        "texture.angry_nectar"
                    ]
                }
            },
            "geometry": "Geometry.default",
            "materials": [
                {
                    "*": "Material.default"
                }
            ],
            "textures": [
                "array.skins[query.is_powered + query.is_angry * 2]"
            ],
            "is_hurt_color": {
                "r": "0.1",
                "g": "0.6",
                "b": "1.0",
                "a": "0.5"
            },
            "on_fire_color": {
                "r": "0.1",
                "g": "0.6",
                "b": "1.0",
                "a": "0.5"
            }
        }
    }
}