{
    "format_version": "1.10.0",
    "render_controllers": {
        "controller.render.splash_potion": {
            "arrays": {
                "textures": {
                    "Array.skins": [
                        "Texture.moveSlowdown",
                        "Texture.moveSpeed",
                        "Texture.digSlowdown",
                        "Texture.digSpeed",
                        "Texture.damageBoost",
                        "Texture.heal",
                        "Texture.harm",
                        "Texture.jump",
                        "Texture.confusion",
                        "Texture.regeneration",
                        "Texture.resistance",
                        "Texture.fireResistance",
                        "Texture.waterBreathing",
                        "Texture.invisibility",
                        "Texture.blindness",
                        "Texture.nightVision",
                        "Texture.hunger",
                        "Texture.weakness",
                        "Texture.poison",
                        "Texture.wither",
                        "Texture.healthBoost",
                        "Texture.absorption",
                        "Texture.saturation",
                        "Texture.levitation",
                        "Texture.turtleMaster",
                        "Texture.slowFall",
                        "Texture.default"
                    ]
                }
            },
            "geometry": "Geometry.default",
            "materials": [
                {
                    "*": "Material.default"
                }
            ],
            "textures": [
                "Array.skins[query.variant]",
                "Texture.enchanted"
            ],
            "filter_lighting": true,
            "is_hurt_color": {
                "r": "0.1",
                "g": "0.6",
                "b": "1.0",
                "a": "0.5"
            },
            "on_fire_color": {
                "r": "0.1",
                "g": "0.6",
                "b": "1.0",
                "a": "0.5"
            }
        }
    }
}