{
    "format_version": "1.8.0",
    "render_controllers": {
        "controller.render.villager_v2_base": {
            "arrays": {
                "textures": {
                    "Array.skins": [
                        "Texture.base",
                        "Texture.base2",
                        "Texture.base3",
                        "Texture.base4",
                        "Texture.base5",
                        "Texture.base6"
                    ]
                }
            },
            "geometry": "Geometry.default",
            "materials": [
                {
                    "*": "Material.default"
                }
            ],
            "textures": [
                "Array.skins[query.skin_id]"
            ],
            "is_hurt_color": {
                "r": "0.1",
                "g": "0.6",
                "b": "1.0",
                "a": "0.5"
            },
            "on_fire_color": {
                "r": "0.1",
                "g": "0.6",
                "b": "1.0",
                "a": "0.5"
            }
        },
        "controller.render.villager_v2_masked": {
            "arrays": {
                "textures": {
                    "Array.biomes": [
                        "Texture.plains",
                        "Texture.desert",
                        "Texture.jungle",
                        "Texture.savanna",
                        "Texture.snow",
                        "Texture.swamp",
                        "Texture.taiga"
                    ],
                    "Array.professions": [
                        "Texture.unskilled",
                        "Texture.farmer",
                        "Texture.fisherman",
                        "Texture.shepherd",
                        "Texture.fletcher",
                        "Texture.librarian",
                        "Texture.cartographer",
                        "Texture.cleric",
                        "Texture.armorer",
                        "Texture.weapon_smith",
                        "Texture.tool_smith",
                        "Texture.butcher",
                        "Texture.leatherworker",
                        "Texture.stonemason",
                        "Texture.nitwit"
                    ]
                }
            },
            "geometry": "Geometry.default",
            "materials": [
                {
                    "*": "(query.is_baby || variable.profession_index == 0) ? Material.default : Material.masked"
                }
            ],
            "textures": [
                "Array.biomes[query.mark_variant]",
                "Array.professions[variable.profession_index]"
            ],
            "is_hurt_color": {
                "r": "0.1",
                "g": "0.6",
                "b": "1.0",
                "a": "0.5"
            },
            "on_fire_color": {
                "r": "0.1",
                "g": "0.6",
                "b": "1.0",
                "a": "0.5"
            }
        },
        "controller.render.villager_v2_level": {
            "arrays": {
                "textures": {
                    "Array.levels": [
                        "Texture.level_stone",
                        "Texture.level_iron",
                        "Texture.level_gold",
                        "Texture.level_emerald",
                        "Texture.level_diamond"
                    ]
                }
            },
            "rebuild_animation_matrices": true,
            "geometry": "Geometry.default",
            "part_visibility": [
                {
                    "*": "!query.is_baby && variable.profession_index != 0 && variable.profession_index != 14"
                }
            ],
            "materials": [
                {
                    "*": "Material.default"
                }
            ],
            "textures": [
                "Array.levels[variable.level_index]"
            ],
            "is_hurt_color": {
                "r": "0.1",
                "g": "0.6",
                "b": "1.0",
                "a": "0.5"
            },
            "on_fire_color": {
                "r": "0.1",
                "g": "0.6",
                "b": "1.0",
                "a": "0.5"
            }
        }
    }
}