{
	"namespace": "start",

	"zxpp_panel": {
		"type": "stack_panel",
		"orientation": "horizontal",
		"size": ["100%",256],
		"offset": [4,4],
		"controls": [
			{
				"l":{
					"type": "stack_panel",
					"size": [132,"100%"],
					"controls": [
						{"i": {"type": "image","texture": "pack","size": [128,128]}},
						{"s": {"type": "panel","size": [6,6]}},
						{"v": {"type": "label","font_scale_factor": 1.5,"text": "§dZexus Pack §av1.0.7"}},
						{"c": {"type": "label","font_scale_factor": 1.2,"text": "zxpp.c"}}
					]
				}
			},
			{
				"r":{
					"type": "stack_panel",
					"size": ["fill","100%"],
					"controls": [
						{"n": {"type": "label","font_scale_factor": 1.5,"text": "§bOur Textures Are\n§f Changing\nHotbar Sight Text Effects\n "}},
						{"l": {"type": "label","text": "©2020~ §b@KEFIR09791504(Twitter)\n§fRread the License.\nSee 'License.txt'.\n \n§rURL"}},
						{"u": {"type": "label","font_scale_factor": 0.8,"text": "§3Twitter§f: @KEFIR09791504\n§aSite MCPEDL§f: Zexus Pvp Pack\n "}},
						{"0": {"type": "label","text": "zxpp.c0"}},
						{"1": {"type": "label","text": "zxpp.c1"}},
						{"2": {"type": "label","text": "zxpp.c2"}},
						{"3": {"type": "label","text": "zxpp.c3"}},
						{"4": {"type": "label","text": "zxpp.c4"}},
						{"5": {"type": "label","text": "zxpp.c5"}},
						{"6": {"type": "label","text": "zxpp.c6"}},
						{"7": {"type": "label","text": "zxpp.c7"}},
						{"8": {"type": "label","text": "zxpp.c8"}},
						{"9": {"type": "label","text": "zxpp.c9"}}
					]
				}
			}
		]
	},
	"zxpp_scroll@common.scrolling_panel":{"$show_background": false,"$scrolling_content": "start.zxpp_panel"},
	"zxpp_main@common_dialogs.main_panel_no_buttons":{"size":["80%","80%"],"$text_name":"§bZexus Pack §dNews","$child_control":"start.zxpp_scroll"},

	"zxpp_start": {
		"type": "stack_panel",
		"orientation": "horizontal",
		"controls": [
			{"ico": {"type": "image","texture": "pack","size": [20,20]}},
			{"ver": {"type": "label","text": "§b Zexus \n§a v1.0.7"}}
		]
	},
	"copyright@common_buttons.light_content_button": {
		"anchor_from": "bottom_left",
		"anchor_to": "bottom_left",
		"size": [72,26],
		"$pressed_button_name": "button.menu_buy_game",
		"$button_content": "start.zxpp_start",
		"$default_button_alpha": 0.5,
		"$default_hover_alpha": 0.5
	}
}
