{
   "format_version" : "1.14.0",
   "sound_definitions" : {
      "damage.fallbig" : {
         "__use_legacy_max_distance" : "true",
         "category" : "player",
         "sounds" : [
            {
               "load_on_low_memory" : true,
               "name" : "sounds/damage/fallbig"
            }
         ]
      },
      "damage.fallsmall" : {
         "__use_legacy_max_distance" : "true",
         "category" : "player",
         "sounds" : [
            {
               "load_on_low_memory" : true,
               "name" : "sounds/damage/fallsmall"
            }
         ]
      },
      "dig.cloth" : {
         "__use_legacy_max_distance" : "true",
         "category" : "block",
         "sounds" : [
            {
               "load_on_low_memory" : true,
               "name" : "sounds/dig/cloth1"
            },
            "sounds/dig/cloth2",
            "sounds/dig/cloth3",
            "sounds/dig/cloth4"
         ]
      },
      "fall.cloth" : {
         "__use_legacy_max_distance" : "true",
         "category" : "neutral",
         "sounds" : [
            "sounds/step/cloth1",
            "sounds/step/cloth2",
            "sounds/step/cloth3",
            "sounds/step/cloth4"
            }
         ]
      },
      "dig.end.stone" : {
         "__use_legacy_max_distance" : "true",
         "category" : "block",
         "sounds" : [
            {
               "load_on_low_memory" : true,
               "name" : "sounds/dig/nether_brick1"
            },
            "sounds/dig/nether_brick2",
            "sounds/dig/nether_brick3",
            "sounds/dig/nether_brick4"
         ]
      },
      "game.player.attack.nodamage" : {
         "__use_legacy_max_distance" : "true",
         "sounds" : [
            {
               "name" : "sounds/mob/player/attack/weak1",
               "volume" : 0.20
            },
            {
               "load_on_low_memory" : true,
               "name" : "sounds/mob/player/attack/weak2",
               "volume" : 0.20
            },
            {
               "name" : "sounds/mob/player/attack/weak3",
               "volume" : 0.20
            },
            {
               "name" : "sounds/mob/player/attack/weak4",
               "volume" : 0.20
            }
         ]
      },
      "game.player.attack.strong" : {
         "__use_legacy_max_distance" : "true",
         "sounds" : [
            {
               "load_on_low_memory" : true,
               "name" : "sounds/mob/player/attack/strong1",
               "volume" : 0.20
            },
            {
               "name" : "sounds/mob/player/attack/strong2",
               "volume" : 0.20
            },
            {
               "name" : "sounds/mob/player/attack/strong3",
               "volume" : 0.20
            },
            {
               "name" : "sounds/mob/player/attack/strong4",
               "volume" : 0.20
            },
            {
               "name" : "sounds/mob/player/attack/strong5",
               "volume" : 0.20
            },
            {
               "name" : "sounds/mob/player/attack/strong6",
               "volume" : 0.20
            }
         ]
      },
      "game.player.die" : {
         "__use_legacy_max_distance" : "true",
         "category" : "player",
         "sounds" : [
            "sounds/damage/hit1",
            {
               "load_on_low_memory" : true,
               "name" : "sounds/damage/hit2"
            },
            "sounds/damage/hit3"
         ]
      },
      "game.player.hurt" : {
         "__use_legacy_max_distance" : "true",
         "category" : "player",
         "sounds" : [
            "sounds/damage/hit1",
            {
               "load_on_low_memory" : true,
               "name" : "sounds/damage/hit2"
            },
            "sounds/damage/hit3"
         ]
      },
      "jump.cloth" : {
         "__use_legacy_max_distance" : "true",
         "category" : "neutral",
         "sounds" : [
            "sounds/jump/cloth1",
            {
               "load_on_low_memory" : true,
               "name" : "sounds/jump/cloth2"
            },
            "sounds/jump/cloth3",
            "sounds/jump/cloth4"
         ]
      },
      "step.stone" : {
         "__use_legacy_max_distance" : "true",
         "category" : "neutral",
         "sounds" : [
            "sounds/step/stone1",
            "sounds/step/stone2",
            {
               "load_on_low_memory" : true,
               "name" : "sounds/step/stone3"
            },
            "sounds/step/stone4",
            "sounds/step/stone5",
            "sounds/step/stone6"
         ]
      },
      "step.wood" : {
         "__use_legacy_max_distance" : "true",
         "category" : "neutral",
         "sounds" : [
            {
               "name" : "sounds/step/wood1",
               "volume" : 0.40
            },
            {
               "name" : "sounds/step/wood2",
               "volume" : 0.40
            },
            {
               "name" : "sounds/step/wood3",
               "volume" : 0.40
            },
            {
               "name" : "sounds/step/wood4",
               "volume" : 0.40
            },
            {
               "name" : "sounds/step/wood5",
               "volume" : 0.40
            },
            {
               "load_on_low_memory" : true,
               "name" : "sounds/step/wood6",
               "volume" : 0.40
            }
         ]
      },
      "use.basalt" : {
         "category" : "block",
         "sounds" : [
            {
               "load_on_low_memory" : true,
               "name" : "sounds/step/basalt1"
            },
            "sounds/step/basalt2",
            "sounds/step/basalt3",
            "sounds/step/basalt4",
            "sounds/step/basalt5",
            "sounds/step/basalt6"
         ]
      },
      "use.cloth" : {
         "__use_legacy_max_distance" : "true",
         "category" : "neutral",
         "sounds" : [
            "sounds/step/cloth1",
            "sounds/step/cloth2",
            "sounds/step/cloth3",
            "sounds/step/cloth4"
         ]
      },
      "use.grass" : {
         "__use_legacy_max_distance" : "true",
         "category" : "neutral",
         "sounds" : [
            "sounds/step/grass1",
            "sounds/step/grass2",
            "sounds/step/grass3",
            "sounds/step/grass4",
            "sounds/step/grass5",
            "sounds/step/grass6"
         ]
      },
      "use.gravel" : {
         "__use_legacy_max_distance" : "true",
         "category" : "neutral",
         "sounds" : [
            "sounds/step/gravel1",
            "sounds/step/gravel2",
            "sounds/step/gravel3",
            "sounds/step/gravel4"
      },
      "use.ladder" : {
         "__use_legacy_max_distance" : "true",
         "category" : "neutral",
         "sounds" : [
            "sounds/step/ladder1",
            "sounds/step/ladder2",
            "sounds/step/ladder3",
            "sounds/step/ladder4",
            "sounds/step/ladder5"
      },
      "use.nether_wart" : {
         "category" : "block",
         "sounds" : [
            {
               "load_on_low_memory" : true,
               "name" : "sounds/step/nether_wart1"
            },
            "sounds/step/nether_wart2",
            "sounds/step/nether_wart3",
            "sounds/step/nether_wart4",
            "sounds/step/nether_wart5"
         ]
      },
      "use.netherite" : {
         "category" : "block",
         "sounds" : [
            {
               "load_on_low_memory" : true,
               "name" : "sounds/step/netherite1"
            },
            "sounds/step/netherite2",
            "sounds/step/netherite3",
            "sounds/step/netherite4",
            "sounds/step/netherite5",
            "sounds/step/netherite6"
         ]
      },
      "use.netherrack" : {
         "category" : "block",
         "sounds" : [
            {
               "load_on_low_memory" : true,
               "name" : "sounds/step/netherrack1"
            },
            "sounds/step/netherrack2",
            "sounds/step/netherrack3",
            "sounds/step/netherrack4",
            "sounds/step/netherrack5",
            "sounds/step/netherrack6"
         ]
      },
      "use.nylium" : {
         "category" : "block",
         "sounds" : [
            {
               "load_on_low_memory" : true,
               "name" : "sounds/step/nylium1"
            },
            "sounds/step/nylium2",
            "sounds/step/nylium3",
            "sounds/step/nylium4",
            "sounds/step/nylium5",
            "sounds/step/nylium6"
      },
      "use.sand" : {
         "__use_legacy_max_distance" : "true",
         "category" : "neutral",
         "sounds" : [
            "sounds/step/sand1",
            "sounds/step/sand2",
            "sounds/step/sand3",
            "sounds/step/sand4",
            "sounds/step/sand5"
         ]
      },
      "use.stone" : {
         "__use_legacy_max_distance" : "true",
         "category" : "neutral",
         "sounds" : [
            "sounds/step/stone1",
            "sounds/step/stone2",
            "sounds/step/stone3",
            "sounds/step/stone4",
            "sounds/step/stone5",
            "sounds/step/stone6"
         ]
      },
      "use.wood" : {
         "__use_legacy_max_distance" : "true",
         "category" : "neutral",
         "sounds" : [
            "sounds/step/wood1",
            "sounds/step/wood2",
            "sounds/step/wood3",
            "sounds/step/wood4",
            "sounds/step/wood5",
            "sounds/step/wood6"

         ]
      }
   }
}
