{
  "format_version": "1.10.0",
  "minecraft:client_entity": {
    "description": {
      "identifier": "minecraft:fishing_hook",
      "materials": {
        "default": "fishing_hook"
      },
      "textures": {
        "default": "textures/entity/fishing_hook"
      },
      "geometry": {
        "default": "geometry.fishing_hook"
      },
      "render_controllers": [ "controller.render.fishing_hook" ],
      "animations": {
        "flying": "animation.actor.billboard.fishing_hook",
        "particle": "controller.animation.fishing_hook.crit_particle"
      },
      "scripts": {
      	"initialize": [
          "variable.life_time = 0.0;"
      	],
        "animate": [ 
          "flying",
          { "particle": "!query.is_on_ground" }
        ]
      },
      "particle_effects":{
      	"fishing_hook_crit": "minecraft:basic_crit_particle"
      }
    }
  }
}
