{
	"format_version": "1.10.0",
	"animations": {
		"animation.end_crystal.crystal_movement": {
			"loop": true,
			"bones": {
				"bone2": {
					"rotation": [ "math.sin(query.anim_time * 10) * 360", "math.sin(query.anim_time * 10) * 360", 0.0 ]
				},
				"bone3": {
					"rotation": [ "math.cos(query.anim_time * 10) * 360", "math.cos(query.anim_time * 10) * 360", 0.0 ]
				},
				"bone4": {
					"rotation": [ "math.cos(query.anim_time * 5) * 360", "math.cos(query.anim_time * 5) * 360", 0.0 ]
				}
			}
		},
		"animation.end_crystal.first_person_wield": {
			"loop": true,
			"bones": {
				"rightitem": {
					"rotation": [ "c.is_first_person ? 175.0 : 0.0", "c.is_first_person ? 55.0 : 0.0", "c.is_first_person ? -35.0 : 0.0" ],
					"position": [ "c.is_first_person ? 1.0 : 0.0", "c.is_first_person ? 1.0 : 0.0", "c.is_first_person ? 1.0 : 0.0" ],
					"scale": [1, 1, 1]
				}
			}
		},
		"animation.end_crystal.default": {
			"loop": true,
			"bones": {
				"rightitem": {
					"rotation": [175, 0, 0],
					"position": [0, 0, 0],
					"scale": [0.5, 0.5, 0.5]
				}
			}
		}
	}
}