[
  {
    "flipbook_texture": "textures/items/iron_ingot",
	"atlas_index": 0,
    "atlas_tile_variant": 0,
    "atlas_tile": "iron_ingot",
    "ticks_per_frame": 5,
    "frames": [ 0, 1, 2, 3, 4, 5, 6, 7 ]
  }
]

//quick epic explanation on how this works, so java already has these flipbook textures if 
you want to call them that, but they use mcmeta files to function, well on bedrock you
need to type your item/block in it, your atlas and boom your welcome it worke :))
(yes you can techically also do that with swords o´r tools)