{
  "format_version": "1.12.0",
  "minecraft:geometry": [
    {
      "description": {
        "identifier": "geometry.fishing_hook",
        "texture_width": 7,
        "texture_height": 8
      },
      "bones": [
        {
          "name": "body",
          "pivot": [ 0.0, 0.0, 0.0 ],
          "locators": {
            "particle_origin": [ 0.0, 1.0, 0.0 ]
          },
          "cubes": [
            {
              "origin": [ -5.5, -8.0, 0.0 ],
              "size": [ 11.0, 11.0, 0.0 ],
              "uv": [ 0, 0 ],
              "rotation": [ 0.0, 180.0, 0.0 ]
            }
          ]
        }
      ]
    }
  ]
}
